nID,dtHeureDebut,dtHeureFin,bLun,bMar,bMer,bJeu,bVen,bSam,bDim
25,09:00:00,18:00:00,1,1,1,0,0,0,0
26,09:00:00,21:00:00,0,0,0,1,1,0,0
27,09:30:00,15:30:00,1,1,1,1,1,0,0
28,09:00:00,18:00:00,0,0,0,0,0,1,0
29,18:30:00,21:00:00,0,0,0,1,1,0,0
30,09:00:00,15:00:00,1,1,1,1,1,0,0
31,09:00:00,15:30:00,1,1,1,1,1,0,0
32,09:00:00,16:00:00,1,1,1,1,1,0,0
33,09:30:00,16:00:00,1,1,1,1,1,0,0
34,09:00:00,18:00:00,1,1,1,1,1,1,0
35,18:00:00,21:00:00,0,0,0,1,1,0,0
36,17:30:00,21:00:00,0,0,0,1,1,0,0
37,07:00:00,09:30:00,1,1,1,1,1,0,0
38,07:00:00,09:30:00,1,1,1,1,1,0,0
39,07:00:00,12:00:00,1,1,1,1,1,0,0
40,07:00:00,09:30:00,1,1,1,1,1,0,0
41,18:00:00,23:59:59,1,1,1,1,1,1,1
42,17:30:00,23:59:59,1,1,1,1,1,1,1
43,07:00:00,09:30:00,1,1,1,1,1,0,0
44,09:30:00,12:00:00,1,1,1,1,1,0,0
45,07:00:00,11:00:00,1,1,1,1,1,0,0
46,07:00:00,09:00:00,1,1,1,1,1,0,0
47,16:00:00,18:00:00,1,1,1,1,1,0,0
48,16:00:00,18:30:00,1,1,1,1,1,0,0
49,09:30:00,18:00:00,1,1,1,0,0,0,0
50,09:30:00,21:00:00,0,0,0,1,1,0,0
51,17:00:00,09:00:00,1,1,1,1,1,1,1
52,18:00:00,23:00:00,1,1,1,1,1,1,1
53,15:30:00,17:30:00,1,1,1,1,1,0,0
54,13:00:00,17:00:00,1,1,1,1,1,0,0
55,15:00:00,23:59:59,1,1,1,1,1,1,1
56,17:00:00,23:59:59,1,1,1,1,1,1,1
57,06:30:00,09:30:00,1,1,1,1,1,0,0
58,15:30:00,18:30:00,1,1,1,1,1,0,0
59,18:30:00,23:59:59,1,1,1,1,1,1,1
60,06:00:00,09:30:00,1,1,1,1,1,0,0
61,11:00:00,21:00:00,0,0,0,1,1,0,0
62,15:30:00,18:00:00,1,1,1,1,1,0,0
63,07:00:00,22:00:00,1,1,1,1,1,1,1
64,09:00:00,17:00:00,1,1,1,1,1,1,0
65,09:00:00,17:30:00,0,0,0,0,0,1,0
66,12:00:00,15:00:00,1,1,1,1,1,0,0
67,09:30:00,15:00:00,1,1,1,1,1,0,0
68,09:00:00,15:00:00,0,0,0,0,0,1,0
69,09:00:00,13:00:00,1,1,1,1,1,0,0
70,17:00:00,21:00:00,0,0,0,1,1,0,0
71,12:00:00,18:00:00,1,1,1,0,0,0,0
72,12:00:00,21:00:00,0,0,0,1,1,0,0
73,09:00:00,15:30:00,1,1,1,1,1,1,0
74,09:30:00,15:30:00,1,1,1,1,1,1,0
75,06:30:00,07:30:00,1,1,1,1,1,0,0
76,07:00:00,08:00:00,1,1,1,1,1,0,0
77,07:00:00,08:30:00,1,1,1,1,1,0,0
78,07:00:00,09:00:00,1,1,1,1,1,0,0
79,07:00:00,08:30:00,1,1,1,1,1,1,1
80,15:00:00,18:30:00,1,1,1,1,1,0,0
81,11:00:00,18:00:00,1,1,1,0,0,0,0
82,09:30:00,18:00:00,1,1,1,1,1,0,0
83,15:30:00,18:30:00,1,1,1,1,1,1,1
84,07:00:00,09:30:00,1,1,1,1,1,1,1
85,07:00:00,09:30:00,1,1,1,1,1,1,1
86,15:30:00,18:00:00,1,1,1,1,1,1,1
87,07:00:00,08:00:00,1,0,0,1,0,0,0
88,07:00:00,08:00:00,0,1,0,0,1,0,0
89,07:00:00,08:30:00,0,1,0,0,1,0,0
90,07:00:00,08:30:00,1,0,0,1,0,0,0
91,07:00:00,09:00:00,1,0,0,1,0,0,0
92,07:00:00,09:00:00,0,1,0,0,1,0,0
93,06:30:00,07:30:00,1,0,0,1,0,0,0
94,06:30:00,07:30:00,0,1,0,0,1,0,0
95,07:00:00,08:30:00,1,0,0,0,0,0,0
96,07:00:00,08:30:00,1,0,1,0,1,0,0
97,07:00:00,23:59:59,0,0,0,0,0,1,1
98,07:00:00,13:00:00,1,1,1,1,1,0,0
99,07:00:00,15:00:00,1,1,1,1,1,0,0
100,07:00:00,09:00:00,1,1,1,1,1,0,0
101,07:00:00,09:00:00,1,1,1,1,1,1,1
102,07:00:00,09:00:00,1,1,1,1,1,1,0
103,22:30:00,23:30:00,1,1,1,1,1,0,0
104,16:00:00,21:00:00,1,1,1,1,1,0,0
105,07:00:00,09:00:00,0,1,0,0,0,0,0
106,18:00:00,23:59:00,1,1,1,1,1,1,1
107,00:00:00,07:00:00,1,1,1,1,1,1,1
108,09:00:00,21:00:00,1,1,1,1,1,0,0
109,18:00:00,21:00:00,1,1,1,1,1,0,0
110,18:30:00,21:00:00,1,1,1,1,1,0,0
111,09:30:00,21:00:00,1,1,1,1,1,0,0
112,11:00:00,21:00:00,1,1,1,1,1,0,0
113,17:30:00,21:00:00,1,1,1,1,1,0,0
114,17:00:00,21:00:00,1,1,1,1,1,0,0
115,12:00:00,21:00:00,1,1,1,1,1,0,0
116,00:01:00,23:59:59,1,1,1,1,1,1,1
117,23:30:00,23:59:59,1,1,1,1,1,0,0
118,00:00:00,03:00:00,1,1,1,1,1,0,0
119,13:00:00,16:00:00,1,1,1,1,1,0,0
120,09:30:00,14:30:00,1,1,1,1,1,0,0
121,19:00:00,21:00:00,1,1,1,1,1,0,0
122,14:30:00,19:00:00,1,1,1,1,1,0,0
123,10:00:00,16:00:00,1,1,1,1,1,0,0
124,06:00:00,10:00:00,1,1,1,1,1,0,0
125,13:00:00,18:00:00,0,0,0,0,0,0,1
126,07:00:00,09:00:00,0,0,0,1,0,0,0
127,13:00:00,17:00:00,0,0,0,0,0,0,1
128,13:00:00,15:30:00,0,0,0,0,0,0,1
129,11:00:00,18:00:00,1,1,1,1,1,0,0
130,06:30:00,07:30:00,1,1,1,1,1,1,1
131,07:00:00,08:00:00,1,1,1,1,1,1,1
132,07:00:00,08:00:00,1,0,0,0,0,0,0
133,07:00:00,08:00:00,0,0,0,1,0,0,0
134,07:00:00,09:00:00,0,0,1,0,0,0,0
135,06:30:00,07:30:00,0,0,0,0,0,1,1
136,07:00:00,08:30:00,0,0,0,0,0,1,1
137,07:00:00,08:30:00,0,1,0,0,0,0,0
138,07:00:00,16:00:00,1,1,1,1,1,0,0
139,07:00:00,08:00:00,1,0,1,0,0,0,0
140,07:00:00,09:00:00,1,0,0,1,0,0,0
141,07:00:00,09:00:00,0,1,0,0,1,0,0
142,09:00:00,21:00:00,1,1,1,1,1,1,1
143,09:00:00,21:00:00,0,0,0,0,0,1,1
144,17:00:00,21:00:00,1,1,1,1,0,0,0
145,12:00:00,21:00:00,0,0,0,0,1,0,0
146,07:00:00,17:00:00,1,1,1,1,0,0,0
147,07:00:00,12:00:00,0,0,0,0,1,0,0
148,17:30:00,21:00:00,0,0,0,1,1,1,0
149,07:00:00,18:00:00,0,0,0,0,0,1,0
150,11:00:00,18:00:00,0,0,0,0,0,0,1
151,07:00:00,21:00:00,1,1,1,1,1,1,1
152,15:30:00,23:59:59,1,1,1,1,1,1,1
153,09:00:00,15:30:00,0,0,0,0,0,1,0
154,16:00:00,19:00:00,1,1,1,1,1,0,0
155,11:30:00,14:30:00,0,0,0,0,0,1,1
156,09:00:00,11:30:00,0,0,0,0,0,1,0
157,07:00:00,08:00:00,1,0,1,0,1,1,0
158,09:00:00,21:00:00,1,1,1,1,1,1,0
159,18:00:00,23:00:00,1,1,1,1,1,0,0
160,07:00:00,08:00:00,0,0,1,0,0,0,0
161,07:00:00,09:00:00,1,0,0,0,0,0,0
162,09:00:00,21:00:00,0,0,0,0,0,1,0
163,07:00:00,09:00:00,0,0,0,0,1,0,0
164,07:00:00,08:00:00,0,1,0,0,0,0,0
165,09:00:00,20:00:00,0,0,0,1,1,0,0
166,09:00:00,17:00:00,0,0,0,0,0,1,0
167,07:00:00,08:00:00,0,0,0,0,1,0,0
168,07:00:00,09:00:00,1,0,1,0,0,0,0
169,07:00:00,09:00:00,0,1,0,1,0,0,0
170,07:00:00,07:30:00,1,0,0,0,0,0,0
171,07:00:00,07:30:00,0,0,0,0,1,0,0
172,15:00:00,16:00:00,1,1,1,1,1,0,0
173,07:00:00,08:00:00,0,1,0,1,0,0,0
174,00:00:00,23:59:59,1,1,1,1,1,1,1
175,15:00:00,18:00:00,1,1,1,1,1,0,0
176,11:30:00,23:59:59,0,0,0,0,0,1,0
177,15:30:00,23:59:59,1,1,1,1,1,0,0
178,07:00:00,09:30:00,1,0,1,0,0,0,0
179,06:00:00,09:00:00,1,1,1,1,1,0,0
180,15:30:00,19:00:00,1,1,1,1,1,0,0
181,07:00:00,18:00:00,1,1,1,1,1,0,0
182,07:00:00,18:00:00,1,1,1,1,1,1,0
183,07:00:00,09:30:00,1,0,0,1,0,0,0
184,07:00:00,16:00:00,1,1,1,1,1,1,0
185,16:00:00,18:00:00,0,0,0,0,0,1,0
186,14:30:00,18:30:00,1,1,1,1,1,0,0
187,05:30:00,09:30:00,1,1,1,1,1,0,0
188,09:00:00,14:30:00,1,1,1,1,1,0,0
189,07:00:00,08:30:00,0,0,1,0,0,0,0
190,07:00:00,09:30:00,0,1,0,0,1,0,0
191,12:00:00,19:30:00,1,1,1,1,1,0,0
192,19:30:00,21:00:00,1,1,1,1,1,0,0
193,00:00:00,03:00:00,1,1,1,1,1,1,1
194,07:00:00,10:00:00,1,1,1,1,1,0,0
195,14:00:00,19:00:00,1,1,1,1,1,0,0
196,10:00:00,14:00:00,1,1,1,1,1,0,0
197,15:00:00,16:00:00,1,1,1,1,0,0,0
198,12:00:00,13:00:00,0,0,0,0,1,0,0
199,10:00:00,15:00:00,1,1,1,1,0,0,0
200,10:00:00,12:00:00,0,0,0,0,1,0,0
201,16:00:00,21:00:00,1,1,1,1,0,0,0
202,13:00:00,21:00:00,0,0,0,0,1,0,0
203,07:00:00,17:00:00,1,1,1,1,1,0,0
204,05:30:00,09:30:00,1,1,1,1,1,0,0
205,14:30:00,18:30:00,1,1,1,1,1,0,0
206,11:30:00,23:59:59,0,0,0,0,0,0,1
207,00:00:00,09:00:00,1,1,1,1,1,1,1
208,18:00:00,23:59:59,0,1,1,1,1,1,1
209,09:00:00,18:00:00,0,1,1,1,1,1,0
210,09:00:00,21:00:00,1,0,0,0,0,0,0
211,00:00:00,03:00:00,0,1,1,1,1,1,1
212,09:00:00,21:00:00,0,0,0,0,0,0,1
213,19:00:00,20:00:00,1,0,1,0,0,0,0
214,19:00:00,20:00:00,0,1,0,1,0,0,0
215,09:30:00,10:30:00,0,0,0,1,0,0,0
216,10:00:00,11:00:00,1,0,0,1,0,0,0
217,17:00:00,18:00:00,1,1,1,1,1,0,0
218,07:00:00,12:00:00,1,1,1,1,1,1,1
219,12:00:00,18:00:00,1,1,1,1,1,1,0
220,09:30:00,10:30:00,0,1,0,0,0,0,0
221,07:00:00,10:00:00,0,1,0,0,1,0,0
222,10:00:00,11:00:00,1,0,1,0,0,0,0
223,13:30:00,14:30:00,0,0,1,0,0,0,0
224,07:00:00,09:30:00,1,0,1,0,0,0,0
225,10:00:00,12:00:00,0,1,0,0,0,0,0
226,07:00:00,10:00:00,0,0,1,0,0,0,0
227,15:00:00,23:59:59,1,1,1,1,1,0,0
228,09:30:00,10:30:00,1,0,0,1,0,0,0
229,09:30:00,10:30:00,0,1,0,0,1,0,0
230,07:00:00,17:00:00,1,1,1,1,1,1,0
231,09:30:00,10:30:00,0,0,1,0,0,0,0
232,06:00:00,12:00:00,1,1,1,1,1,0,0
233,09:00:00,01:00:00,1,1,1,1,1,1,0
234,13:00:00,01:00:00,0,0,0,0,0,0,1
235,18:00:00,01:00:00,1,1,1,1,1,1,1
236,15:00:00,21:00:00,1,1,1,1,1,0,0
237,15:00:00,19:00:00,1,1,1,1,1,0,0
238,10:00:00,11:00:00,0,0,1,0,0,0,0
239,10:00:00,11:00:00,0,0,0,0,1,0,0
240,07:00:00,15:00:00,1,1,1,1,1,0,0
241,07:00:00,09:30:00,0,0,0,0,1,0,0
242,07:00:00,09:30:00,1,0,0,0,0,0,0
243,07:00:00,09:30:00,0,0,1,0,0,0,0
244,07:00:00,10:00:00,1,0,0,1,0,0,0
245,10:00:00,11:00:00,0,1,0,0,1,0,0
246,15:30:00,21:00:00,1,1,1,1,1,0,0
247,12:30:00,13:30:00,0,0,0,0,1,0,0
248,07:00:00,19:00:00,1,1,1,1,1,0,0
249,09:00:00,21:00:00,1,0,1,0,1,0,0
250,12:00:00,21:00:00,0,1,0,1,0,0,0
251,07:00:00,12:00:00,0,1,0,1,0,0,0
252,11:00:00,16:00:00,1,1,1,1,1,0,0
253,09:00:00,11:00:00,1,1,1,1,1,0,0
254,14:00:00,15:30:00,1,1,1,1,1,0,0
255,11:00:00,14:00:00,1,1,1,1,1,0,0
256,15:30:00,18:00:00,0,0,0,0,0,1,0
257,07:00:00,15:30:00,1,1,1,1,1,1,0
258,07:00:00,23:00:00,0,0,0,0,0,1,1
259,09:00:00,18:00:00,1,1,1,1,1,0,0
260,09:00:00,17:00:00,1,1,1,1,1,0,0
261,17:00:00,23:00:00,1,1,1,1,1,0,0
262,10:30:00,11:30:00,0,0,1,0,0,0,0
263,10:30:00,11:30:00,0,0,0,0,1,0,0
264,09:30:00,10:30:00,0,0,0,0,1,0,0
265,07:00:00,10:00:00,0,0,0,0,1,0,0
266,13:00:00,14:00:00,0,0,0,0,1,0,0
267,12:30:00,13:30:00,0,0,1,0,0,0,0
268,13:30:00,14:30:00,0,0,0,0,1,0,0
269,14:00:00,15:00:00,0,0,0,0,1,0,0
270,10:00:00,11:00:00,0,0,0,1,0,0,0
271,12:00:00,13:00:00,1,0,0,1,0,0,0
272,07:00:00,12:00:00,0,0,1,0,0,0,0
273,12:00:00,21:00:00,0,0,1,0,0,0,0
274,09:00:00,21:00:00,1,1,0,1,1,0,0
275,10:30:00,11:30:00,0,1,0,0,0,0,0
276,00:00:01,00:02:00,1,1,1,1,1,1,1
277,09:00:00,18:30:00,1,1,1,1,1,0,0
278,10:30:00,11:30:00,0,0,0,1,0,0,0
279,07:00:00,10:00:00,0,0,0,1,0,0,0
280,07:00:00,08:30:00,1,0,0,1,0,0,0
281,19:00:00,20:00:00,0,1,0,0,0,0,0
282,18:30:00,19:30:00,1,0,0,0,0,0,0
283,09:00:00,23:59:59,1,1,1,1,1,1,1
284,06:00:00,23:59:59,1,1,1,1,1,1,1
285,07:00:00,13:00:00,1,1,1,1,1,1,0
286,13:00:00,21:00:00,1,1,1,1,1,0,0
287,13:00:00,18:00:00,0,0,0,0,0,1,1
288,07:00:00,15:30:00,1,1,1,1,1,0,0
289,17:00:00,18:30:00,1,0,0,1,0,0,0
290,02:01:00,23:59:59,1,1,1,1,1,1,1
291,07:00:00,09:30:00,0,1,0,0,0,0,0
292,07:00:00,09:30:00,0,0,0,1,0,0,0
293,14:00:00,15:00:00,0,0,1,0,0,0,0
294,10:00:00,15:30:00,1,1,1,1,1,0,0
295,07:00:00,14:00:00,1,1,1,1,1,0,0
296,14:00:00,16:00:00,1,1,1,1,1,0,0
297,14:00:00,21:00:00,1,1,1,1,1,0,0
298,07:00:00,12:00:00,0,0,0,1,0,0,0
299,10:00:00,21:00:00,1,1,1,1,1,0,0
300,10:00:00,21:00:00,1,1,1,1,1,0,0
301,10:00:00,11:00:00,0,1,0,0,0,0,0
302,07:00:00,08:30:00,0,0,0,0,1,0,0
303,07:00:00,08:00:00,0,0,1,0,1,0,0
304,14:00:00,19:00:00,1,1,1,1,1,1,0
305,09:00:00,14:00:00,1,1,1,1,1,1,0
306,21:00:00,23:59:59,1,1,1,1,1,1,1
307,00:00:00,08:30:00,1,1,1,1,1,1,1
308,18:00:00,21:00:00,1,1,1,1,1,1,1
309,07:00:00,18:30:00,1,1,1,1,1,0,0
310,07:00:00,10:30:00,1,0,0,0,0,0,0
311,09:00:00,10:00:00,1,0,0,0,0,0,0
312,07:00:00,10:00:00,1,0,0,0,0,0,0
313,07:00:00,09:00:00,0,0,0,0,0,0,1
314,07:00:00,09:00:00,0,0,0,0,0,1,0
315,09:30:00,16:00:00,1,1,1,1,1,1,0
316,09:30:00,13:30:00,1,1,1,1,1,0,0
317,13:30:00,21:00:00,1,1,1,1,1,0,0
318,16:30:00,17:30:00,1,1,1,1,1,0,0
319,00:00:01,00:00:59,0,0,0,0,0,0,0
320,15:00:00,18:00:00,1,0,1,0,0,0,0
321,16:00:00,18:00:00,1,0,1,0,0,0,0
322,15:00:00,21:00:00,0,0,0,0,1,0,0
323,16:00:00,21:00:00,0,0,0,0,1,0,0
324,07:00:00,15:00:00,1,0,1,0,1,0,0
325,10:00:00,16:00:00,1,0,1,0,1,0,0
326,09:00:00,18:00:00,0,1,0,0,0,1,0
327,15:00:00,18:00:00,1,0,1,0,0,0,0
328,09:00:00,21:00:00,0,0,0,1,0,0,0
329,08:00:00,23:00:00,1,1,1,1,1,1,1
330,12:00:00,13:00:00,1,1,1,1,1,0,0
331,09:30:00,10:30:00,1,1,1,1,1,0,0
332,09:00:00,18:00:00,0,0,0,0,0,1,1
333,07:00:00,11:00:00,0,1,0,1,0,0,0
334,13:00:00,16:00:00,1,0,0,0,0,0,0
335,07:00:00,10:00:00,0,0,0,0,0,0,1
336,07:00:00,08:30:00,1,0,1,0,1,0,1
337,07:00:00,08:30:00,0,1,0,1,0,1,0
1336,07:00:00,10:00:00,0,1,0,0,0,0,0
1337,07:00:00,11:00:00,1,0,0,0,0,0,0
1338,07:00:00,11:00:00,0,1,0,0,0,0,0
1339,07:00:00,11:00:00,0,0,0,1,0,0,0
1340,07:00:00,11:00:00,0,0,0,0,1,0,0
1341,10:00:00,12:00:00,1,0,0,0,0,0,0
1342,07:00:00,12:00:00,0,1,1,0,1,0,0
1343,07:00:00,12:00:00,1,0,0,1,0,0,0
1344,12:00:00,17:00:00,1,0,0,1,0,0,0
1345,12:00:00,17:00:00,0,1,1,0,1,0,0
1346,10:00:00,15:00:00,1,0,0,1,0,0,0
1347,10:00:00,15:00:00,0,1,1,0,1,0,0
1348,07:00:00,13:00:00,1,0,0,1,0,0,0
1349,07:00:00,13:00:00,0,1,1,0,1,0,0
1350,15:00:00,18:00:00,1,1,1,0,0,0,0
1351,15:00:00,21:00:00,0,0,0,1,1,0,0
1352,07:00:00,08:00:00,1,0,1,0,0,1,0
1353,07:00:00,08:00:00,0,1,0,1,0,0,1
1354,07:00:00,09:00:00,1,0,1,0,0,1,0
1355,07:00:00,10:30:00,1,1,1,1,1,0,0
1356,07:00:00,12:00:00,1,0,0,0,0,0,0
1357,12:30:00,13:30:00,0,0,0,1,0,0,0
1358,12:00:00,13:00:00,1,0,0,0,0,0,0
1359,10:30:00,14:00:00,1,1,1,1,1,0,0
1360,12:30:00,21:00:00,0,0,0,0,1,0,0
1361,07:00:00,12:30:00,0,0,0,0,1,0,0
1362,06:30:00,07:30:00,0,1,0,0,0,0,0
1363,06:30:00,09:30:00,1,1,1,1,1,1,1
1364,15:30:00,19:00:00,1,1,1,1,1,1,1
1365,09:30:00,15:30:00,0,0,0,0,0,1,0
1366,10:00:00,15:00:00,1,1,1,1,1,0,0
1367,14:00:00,16:00:00,1,1,1,1,0,0,0
1368,10:00:00,14:00:00,1,1,1,1,0,0,0
1369,10:30:00,14:00:00,1,1,1,1,0,0,0
1370,07:00:00,10:30:00,1,1,1,1,0,0,0
1371,06:00:00,17:00:00,1,1,1,1,1,0,0
1372,00:00:00,23:59:59,1,1,1,1,1,1,1
1373,13:00:00,14:00:00,1,0,0,0,0,0,0
1374,12:30:00,15:30:00,1,0,0,0,0,0,0
1375,13:00:00,16:00:00,0,0,1,0,0,0,0
1376,00:00:00,23:59:59,0,0,0,0,1,1,1
1377,12:00:00,13:00:00,0,1,0,0,0,0,0
1378,13:00:00,14:00:00,0,0,1,0,0,0,0
1379,13:00:00,14:00:00,0,0,0,1,0,0,0
1380,12:00:00,14:00:00,0,1,0,0,0,0,0
1381,05:30:00,21:30:00,1,1,1,1,1,0,0
1382,06:30:00,07:30:00,0,1,0,1,0,0,0
1383,07:30:00,09:00:00,0,1,0,1,0,0,0
1384,13:00:00,14:00:00,0,1,0,0,0,0,0
1385,12:30:00,13:30:00,1,0,0,0,0,0,0
1386,12:30:00,13:30:00,0,1,0,0,0,0,0
1387,12:00:00,13:00:00,0,0,0,1,0,0,0
1388,09:00:00,10:00:00,0,0,1,0,0,0,0
1389,07:00:00,18:00:00,0,0,1,1,0,0,0
1390,20:00:00,21:00:00,1,0,0,1,0,0,0
1391,12:00:00,18:00:00,1,1,1,1,1,0,0
1392,00:00:00,05:59:59,1,1,1,1,0,0,1
1393,17:00:00,23:59:59,1,1,1,1,0,0,1
1394,17:00:00,23:59:59,0,0,0,0,1,0,0
1395,00:00:00,23:59:59,0,0,0,0,0,1,0
1396,00:00:00,17:00:00,0,0,0,0,0,0,1
1397,17:00:00,06:00:00,1,1,1,1,0,0,1
1398,17:00:00,19:00:00,1,0,0,1,0,0,0
1399,06:30:00,09:00:00,1,1,1,1,1,0,0
1400,07:00:00,11:00:00,0,0,1,0,0,0,0
1401,07:00:00,14:00:00,0,1,0,0,0,0,0
1402,09:00:00,21:00:00,1,0,0,1,1,0,0
1403,11:00:00,21:00:00,0,0,1,0,0,0,0
1404,14:00:00,21:00:00,0,1,0,0,0,0,0
1405,16:00:00,21:00:00,1,1,1,1,1,1,1
1406,14:30:00,15:30:00,0,0,1,0,0,0,0
1407,17:00:00,18:00:00,1,0,0,0,0,0,0
1408,17:30:00,18:30:00,1,0,0,1,0,0,0
1409,14:30:00,15:30:00,0,0,0,0,1,0,0
1410,13:30:00,14:30:00,1,0,0,0,0,0,0
1411,14:00:00,15:00:00,1,0,0,0,0,0,0
1412,09:00:00,18:00:00,0,0,0,0,0,0,1
1413,09:00:00,19:00:00,1,1,1,1,1,0,0
1414,19:00:00,23:59:59,1,1,1,1,1,1,1
1415,00:00:01,23:59:59,1,1,1,1,1,0,0
1416,00:00:01,23:59:59,0,0,0,0,0,1,1
1417,09:00:00,18:00:00,1,1,1,1,1,1,1
1418,07:00:00,11:30:00,0,0,1,0,0,0,0
1419,07:00:00,11:30:00,0,0,0,1,0,0,0
1420,09:00:00,19:00:00,1,1,1,1,1,1,1
1421,07:00:00,18:00:00,1,1,1,1,1,1,1
1422,19:00:00,21:00:00,1,1,1,1,1,1,1
1423,16:00:00,17:00:00,0,0,1,0,0,0,0
1424,07:00:00,10:30:00,0,0,1,0,0,0,0
1425,13:30:00,14:30:00,0,1,0,0,0,0,0
1426,07:00:00,08:30:00,0,1,0,1,0,0,0
1427,07:00:00,19:00:00,1,1,1,1,1,1,1
1428,20:00:00,21:00:00,0,0,1,0,0,0,0
1429,20:00:00,21:00:00,1,0,0,0,0,0,0
1430,09:00:00,12:00:00,0,0,0,0,0,0,1
1431,09:00:00,12:00:00,0,0,0,0,1,0,0
1432,13:30:00,14:30:00,0,0,0,1,0,0,0
1433,14:00:00,15:00:00,0,1,0,0,0,0,0
1434,09:00:00,12:00:00,1,1,1,1,1,0,0
1435,12:00:00,17:00:00,1,1,1,1,1,0,0
1436,07:00:00,17:00:00,1,1,1,1,1,1,1
1437,00:00:01,00:00:02,0,0,0,0,0,0,0
1438,06:30:00,07:30:00,0,0,0,1,0,0,0
1439,11:30:00,12:30:00,0,0,1,0,0,0,0
1440,15:00:00,16:00:00,0,0,0,0,1,0,0
1441,10:00:00,11:00:00,1,0,0,0,0,0,0
1442,07:00:00,08:30:00,0,0,0,1,0,0,0
1443,14:30:00,19:30:00,1,1,1,1,1,0,0
1444,10:00:00,14:30:00,1,1,1,1,1,0,0
1445,00:00:00,05:59:59,1,1,1,1,1,0,0
1446,00:00:00,23:59:59,0,0,0,0,0,1,1
1447,17:00:00,23:59:59,1,1,1,1,1,0,0
1448,19:30:00,23:59:59,1,1,1,1,1,1,1
1449,18:00:00,23:59:59,0,0,0,0,1,0,0
1450,20:00:00,23:59:59,1,1,1,1,1,1,1
1451,09:00:00,17:00:00,1,1,1,1,1,1,1
1452,12:00:00,14:00:00,0,0,0,0,1,0,0
1453,14:00:00,16:30:00,1,1,1,1,0,0,0
1454,13:00:00,15:00:00,1,0,0,0,0,0,0
1455,14:00:00,21:00:00,0,0,0,0,1,0,0
1456,16:30:00,21:00:00,1,1,1,1,0,0,0
1457,19:00:00,20:00:00,1,0,0,0,0,0,0
1458,18:00:00,21:00:00,0,0,0,0,1,0,0
1459,07:00:00,18:00:00,0,0,0,0,0,1,1
1460,20:30:00,23:59:59,1,1,1,1,1,1,1
1461,09:00:00,21:00:00,0,0,0,0,1,0,0
1462,11:00:00,12:00:00,0,0,1,0,0,0,0
1463,04:00:00,09:00:00,1,0,0,1,0,0,0
1464,09:30:00,11:30:00,0,0,0,1,0,0,0
1465,13:00:00,15:00:00,0,1,0,0,0,0,0
1466,09:00:00,11:00:00,0,0,1,0,0,0,0
1467,12:30:00,14:30:00,0,1,0,0,0,0,0
1468,12:00:00,14:00:00,0,0,0,1,0,0,0
1469,13:00:00,14:00:00,0,0,0,0,0,0,1
1470,13:00:00,16:00:00,0,1,0,0,0,0,0
1471,09:00:00,20:00:00,1,1,1,1,1,0,0
1472,00:00:00,23:59:59,1,1,1,1,1,0,0
1473,08:00:00,09:00:00,1,1,1,1,1,0,0
1474,08:00:00,09:30:00,1,1,1,1,1,0,0
1475,09:00:00,10:00:00,1,1,1,1,1,0,0
1476,10:00:00,11:00:00,1,1,1,1,1,0,0
1477,10:00:00,12:00:00,1,1,1,1,1,0,0
1478,10:00:00,13:00:00,1,1,1,1,1,0,0
1479,13:00:00,15:00:00,1,1,1,1,1,0,0
1480,08:00:00,10:00:00,1,1,1,1,1,0,0
1481,12:00:00,14:00:00,1,1,1,1,1,0,0
1482,13:00:00,14:00:00,1,1,1,1,1,0,0
1483,11:00:00,12:00:00,1,1,1,1,1,0,0
1484,14:00:00,15:00:00,1,1,1,1,1,0,0
1485,16:00:00,17:00:00,1,1,1,1,1,0,0
1486,18:00:00,19:00:00,1,1,1,1,1,0,0
1487,15:00:00,15:30:00,1,1,1,1,1,0,0
1488,14:00:00,19:00:00,0,0,0,0,0,0,1
1489,11:00:00,13:00:00,1,1,1,1,1,0,0
1491,08:00:00,23:00:00,1,1,1,1,1,0,0
1492,09:00:00,23:00:00,0,0,0,0,0,1,0
1493,08:00:00,20:00:00,1,1,1,1,1,1,1
1494,20:00:00,21:00:00,1,1,1,1,1,0,0
1495,18:00:00,23:00:00,1,1,1,1,1,1,0
1496,21:00:00,22:00:00,1,1,1,1,1,1,0
1497,07:00:00,11:00:00,1,1,1,1,1,1,1
1498,05:00:00,07:00:00,1,1,1,1,1,1,1
1499,06:00:00,07:00:00,1,1,1,1,1,1,1
1500,06:00:00,07:00:00,1,1,1,1,1,0,0
1501,06:00:00,07:00:00,1,0,0,1,0,0,0
1502,06:00:00,17:00:00,1,1,1,1,1,1,1
1503,17:00:00,18:00:00,1,1,1,0,0,0,0
1504,12:30:00,15:30:00,0,1,0,0,0,0,0
1505,07:00:00,11:30:00,0,0,0,0,1,0,0
1506,12:30:00,15:30:00,0,0,1,0,0,0,0
1507,06:30:00,07:30:00,1,0,0,0,0,0,0
1508,08:00:00,18:00:00,1,1,1,1,1,0,0
1509,10:30:00,13:30:00,0,0,0,0,1,0,0
1510,12:30:00,15:30:00,0,0,0,1,0,0,0
1511,12:30:00,15:30:00,0,0,0,0,1,0,0
1512,08:00:00,13:00:00,1,0,0,1,0,0,0
1513,10:30:00,13:30:00,0,0,0,1,0,0,0
1514,08:30:00,10:00:00,1,1,1,1,1,0,0
1515,08:30:00,15:30:00,1,1,1,1,1,0,0
1516,06:00:00,18:00:00,1,1,1,1,1,0,0
1517,22:30:00,23:30:00,1,0,0,1,0,0,0
1518,09:30:00,11:30:00,1,0,0,0,0,0,0
1519,13:30:00,15:30:00,0,1,0,0,0,0,0
1520,12:00:00,14:00:00,1,0,0,0,0,0,0
1521,09:30:00,11:30:00,0,1,0,0,0,0,0
1522,07:30:00,09:30:00,0,0,0,1,0,0,0
1523,08:30:00,10:30:00,0,1,0,0,0,0,0
1524,09:00:00,11:00:00,0,0,0,1,0,0,0
1525,13:30:00,15:30:00,1,0,0,0,0,0,0
1526,09:00:00,11:00:00,0,1,0,0,0,0,0
1527,09:00:00,11:00:00,1,0,0,0,0,0,0
1528,17:00:00,18:00:00,0,0,1,0,0,0,0
1529,11:00:00,12:00:00,0,0,0,0,1,0,0
1530,15:30:00,16:30:00,0,0,0,0,1,0,0
1531,18:00:00,19:00:00,0,1,0,0,0,0,0
1532,18:30:00,19:30:00,0,1,0,0,0,0,0
1533,10:30:00,13:30:00,0,0,1,0,0,0,0
1534,08:30:00,10:30:00,1,0,0,0,0,0,0
1535,08:30:00,10:30:00,0,0,0,1,0,0,0
1536,13:30:00,15:30:00,0,0,1,0,0,0,0
1537,16:30:00,17:30:00,1,0,0,1,0,0,0
1538,08:30:00,10:30:00,0,0,1,0,0,0,0
1539,08:00:00,11:00:00,0,0,1,0,0,0,0
1540,08:00:00,11:00:00,0,0,0,0,1,0,0
1541,08:00:00,11:00:00,0,0,0,1,0,0,0
1542,08:00:00,17:00:00,1,1,1,1,1,0,0
1543,22:00:00,23:00:00,0,1,0,0,1,0,0
1544,08:00:00,12:00:00,0,0,1,0,0,0,0
1545,08:00:00,09:00:00,1,0,0,0,0,0,0
1546,16:30:00,17:30:00,0,0,0,1,0,0,0
1547,05:00:00,09:00:00,1,1,1,1,1,1,1
1548,06:00:00,07:00:00,0,1,0,0,1,0,0
1549,18:00:00,19:00:00,0,0,1,0,0,0,0
1550,07:30:00,09:00:00,0,0,0,1,0,0,0
1551,08:00:00,09:00:00,0,0,0,1,0,0,0
1552,08:00:00,19:00:00,1,1,1,1,1,0,0
1553,18:30:00,19:30:00,0,0,0,1,0,0,0
1554,08:30:00,09:30:00,0,1,0,0,0,0,0
1555,08:00:00,09:00:00,0,0,1,0,0,0,0
1556,06:30:00,07:30:00,0,0,1,0,0,0,0
1557,18:00:00,19:00:00,1,0,1,0,0,0,0
1558,06:30:00,09:00:00,1,1,0,0,0,0,0
1559,13:00:00,15:00:00,0,0,0,0,1,0,0
1560,13:00:00,15:00:00,0,0,1,0,0,0,0
1561,13:00:00,15:00:00,0,0,0,1,0,0,0
1562,22:00:00,23:00:00,1,0,0,1,0,0,0
1563,10:30:00,11:30:00,1,0,0,0,0,0,0
1564,09:00:00,12:00:00,0,0,0,1,0,0,0
1565,08:00:00,18:00:00,0,0,0,0,0,1,1
1566,09:00:00,23:00:00,1,1,1,1,1,1,0
1567,01:00:00,14:00:00,1,1,1,1,1,1,1
1568,15:00:00,17:00:00,1,1,1,1,1,0,0
1569,09:00:00,23:00:00,1,1,1,1,1,1,1
1570,11:00:00,23:00:00,1,1,1,1,1,0,0
1571,19:00:00,20:00:00,1,1,1,1,1,0,0
1572,20:00:00,22:00:00,1,1,1,1,1,0,0
1573,00:00:00,06:00:00,1,1,1,1,1,1,1
1574,00:00:00,17:00:00,1,1,1,1,1,0,0
1575,23:00:00,23:59:59,1,1,1,1,1,1,1
1576,22:00:00,23:59:59,1,1,1,1,1,1,1
1577,06:30:00,16:00:00,1,1,1,1,1,0,0
1578,07:30:00,09:00:00,1,0,0,0,0,0,0
1579,09:00:00,15:00:00,0,0,1,0,0,0,0
1580,11:00:00,14:00:00,0,1,0,0,1,0,0
1581,00:00:00,23:59:59,1,0,1,0,1,0,1
1582,09:00:00,21:00:00,0,1,0,1,0,1,0
1583,12:00:00,15:00:00,0,1,0,1,0,1,0
1584,08:00:00,09:00:00,0,1,0,0,0,0,0
1585,06:00:00,07:00:00,0,1,0,0,0,0,0
1586,06:00:00,07:00:00,0,0,1,0,0,0,0
1587,06:00:00,07:00:00,0,0,0,1,0,0,0
1588,06:00:00,07:00:00,1,0,0,0,0,0,0
1589,04:00:00,23:00:00,1,1,1,1,1,1,1
1590,07:30:00,08:30:00,1,0,0,0,0,0,0
1591,09:00:00,17:00:00,1,0,1,0,1,0,0
1592,16:30:00,17:30:00,0,1,0,0,0,0,0
1593,11:30:00,12:30:00,0,1,0,0,0,0,0
1594,11:00:00,12:00:00,1,0,0,0,0,0,0
1595,11:30:00,12:30:00,1,0,0,0,0,0,0
1596,08:30:00,09:30:00,0,0,0,0,1,0,0
1597,07:30:00,08:30:00,1,0,0,1,0,0,0
1598,07:30:00,09:30:00,0,1,0,0,0,0,0
1599,07:30:00,09:30:00,0,0,1,0,0,0,0
1600,08:00:00,12:00:00,1,0,0,0,0,0,0
1601,07:30:00,08:30:00,0,0,1,0,0,0,0
1602,07:30:00,08:30:00,0,0,0,0,0,1,1
1603,08:00:00,10:00:00,0,0,1,0,0,0,0
1604,07:30:00,08:30:00,1,0,1,0,1,0,0
1605,08:00:00,09:00:00,0,0,1,0,1,0,0
1606,09:00:00,10:00:00,1,0,0,1,0,0,0
1607,09:00:00,10:00:00,0,0,0,0,1,0,0
1608,08:00:00,12:00:00,0,0,0,1,0,0,0
1609,07:30:00,08:30:00,0,0,0,0,1,0,0
1610,09:30:00,10:30:00,1,0,0,0,0,0,0
1611,08:00:00,09:00:00,0,0,0,0,0,0,1
1612,08:00:00,09:00:00,0,0,0,0,0,1,0
1613,08:00:00,09:00:00,0,0,0,0,1,0,0
1614,08:30:00,09:30:00,1,0,0,1,0,0,0
1615,07:30:00,09:30:00,1,1,1,1,1,0,0
