Name,Type,DateDebut,DateFin,maxHeures
AM-HP,U,0101,3112,2
AM-HR,U,0101,3112,2
AP-HP,U,0101,3112,2
AP-HR,U,0101,3112,2
AQ-HP,U,0101,3112,2
AU-JQ,U,0101,3112,8
CC-AA,U,0101,3112,2
CC-AW,U,0101,3112,2
CC-BA,U,0101,3112,2
CC-SX,U,0101,3112,2
CH-AA,U,0101,3112,2
CH-AC,U,0101,3112,2
CH-AW,U,0101,3112,2
CH-RT,U,0101,3112,2
CH-RX,U,0101,3112,12
CH-SX,U,0101,3112,2
CH-TT,U,0101,3112,24
CH-TX,U,0101,3112,9
CH-VA,U,0101,3112,12
CH-VB,U,0101,3112,12
CH-ZA,U,0101,3112,11
CH-ZC,U,0101,3112,12
CH-ZD,U,0101,3112,3
CH-ZE,U,0101,3112,2
CH-ZY,U,0101,3112,2
CI-AC,I,0101,3112,0
CI-AK,I,0101,3112,0
CI-AV,I,0101,3112,0
CI-DA,I,0101,3112,0
CI-DB,I,0101,3112,0
CI-DE,I,0101,3112,0
CI-PB,I,0101,3112,0
CI-QN,I,0101,3112,0
CI-QO,I,0101,3112,0
CI-QY,I,0101,3112,0
CI-RG,I,0101,3112,0
CI-SD,I,0101,3112,0
CI-SE,I,0101,3112,0
CI-SF,I,0101,3112,0
CI-SH,I,0101,3112,0
CI-SL,I,0101,3112,0
CP-AA,U,0101,3112,2
CR-AY,R,0101,3112,0
CR-QN,R,0101,3112,0
CR-QO,R,0101,3112,0
CR-RN,R,0101,3112,0
CR-SK,R,0101,3112,0
CU-AA,U,0101,3112,2
CU-AC,U,0101,3112,2
GR-AA,G,0101,3112,0
GR-AC,G,0101,3112,0
GR-AD,G,0101,3112,0
GR-AE,G,0101,3112,0
GR-AJ,G,0101,3112,0
IN-AA,I,0101,3112,0
IN-AB,I,0101,3112,0
IN-AC,I,0101,3112,0
IN-AD,I,0101,3112,0
IN-AE,I,0101,3112,0
IN-AF,I,0101,3112,0
IN-AG,I,0101,3012,0
IN-AH,I,0101,3112,0
IN-AI,I,0101,3112,0
IN-AJ,I,0101,3112,0
IN-AK,I,0101,3112,0
IN-AL,I,0101,3112,0
IN-AM,I,0101,3112,0
IN-AN,I,0101,3112,0
IN-AW,I,0101,3112,0
IN-AX,I,0101,3112,0
IN-RA,R,0101,3112,0
IN-RB,R,0101,3112,0
IN-RC,R,0101,3112,0
IN-RD,R,0101,3112,0
IN-RF,R,0101,3112,0
IN-RG,R,0101,3112,0
IN-RH,I,0101,3112,0
IN-RI,R,0101,3112,0
IN-RJ,I,0101,3112,0
IN-RK,R,0101,3112,0
IN-RL,R,0101,3112,0
IN-RM,R,0101,3112,0
IN-RN,R,0101,3112,0
IN-RO,R,0101,3112,0
IN-RP,R,0101,3112,0
IN-RQ,R,0101,3112,0
IN-RR,R,0101,3112,0
IN-RS,R,0101,3112,0
MM-08,M,0101,3112,9
MM-10,M,0101,3112,1000
MQ-12,M,0101,3112,1200
MT-10,D,0101,3112,1000
MT-11,D,0101,3112,1100
MT-12,D,0101,3112,1200
MT-13,D,0101,3112,1300
MT-14,D,0101,3112,1400
MT-15,D,0101,3112,1500
MT-16,D,0101,3112,1600
MT-17,D,0101,3112,1700
MT-18,D,0101,3112,1800
MU-10,M,0101,3112,1000
MU-12,M,0101,3112,1225
MU-18,D,0101,3112,1800
MV-10,M,0101,3112,1000
MV-12,M,0101,3112,1225
MV-14,M,0101,3112,1400
MV-18,M,0101,3112,1800
MX-01,P,0101,3112,3
MX-02,Q,0101,3112,3
MX-03,Q,0101,3112,4
MX-04,Q,0101,3112,8
MX-05,Q,0101,3112,11
MX-06,Q,0101,3112,3
MX-07,Q,0101,3112,3
MX-10,Q,0101,3112,3
MX-11,Q,0101,3112,3
MX-12,Q,0101,3112,3
MX-14,Q,0101,3112,4
MX-16,Q,0101,3112,12
MX-17,P,0101,3112,3
MX-21,Q,0101,3112,3
MX-22,Q,0101,3112,5
MX-25,Q,0101,3112,3
MX-27,Q,0101,3112,3
MX-28,Q,0101,3112,3
MX-32,Q,0101,3112,3
MX-44,Q,0101,3112,4
MX-46,Q,0101,3112,12
MX-50,P,0101,3112,5
MX-51,P,0101,3112,4
MX-52,P,0101,3112,4
MX-61,P,0101,3112,1
MX-64,P,0101,3112,4
MX-65,P,0101,3112,3
MX-66,Q,0101,0112,10
MX-67,P,0101,3112,5
MX-68,Q,0101,3112,5
MX-98,Q,0101,3112,3
MX-99,Q,0101,3112,3
PA-TD,H,0101,3112,0
PA-VL,Z,0101,3112,0
PC-GR,Z,0101,3112,0
PC-PI,Z,0101,3112,0
PC-TD,H,0101,3112,0
PC-VE,B,0101,3112,0
PC-VS,B,0101,3112,0
PJ-01,F,0101,3112,24
PJ-02,F,0101,3112,24
PJ-03,F,0101,3112,24
R747,F,0101,3112,2
SH-AA,U,0101,3112,2
SI-AA,I,0101,3112,0
SI-AB,I,0101,3112,0
SI-AC,I,0101,3112,0
SI-AE,I,0101,3112,0
SI-AF,I,0101,3112,0
SI-AK,I,0101,3112,0
SI-AV,I,0101,3112,0
SI-AY,I,0101,3112,0
SI-AZ,I,0101,3112,0
SI-BA,I,0101,3112,0
SI-BB,I,0101,3112,0
SI-BC,I,0101,3112,0
SI-BD,I,0101,3112,0
SI-DA,I,0101,3112,0
SI-DB,I,0101,3112,0
SI-DC,I,0101,3112,0
SI-DE,I,0101,3112,0
SI-DF,I,0101,3112,0
SI-DI,I,0101,3112,0
SI-DL,I,0111,3112,0
SI-DM,I,0101,3103,0
SI-DN,I,0109,3112,0
SI-DO,I,0101,3006,0
SI-DP,I,0101,3112,0
SI-DQ,I,0104,3110,0
SI-DR,I,0104,0112,0
SI-DS,I,0104,1510,0
SI-DV,I,0101,3112,0
SI-DW,I,0101,3112,0
SI-DX,I,0109,3112,0
SI-DY,I,0101,3006,0
SI-DZ,I,0107,3108,0
SI-EA,I,0101,3112,0
SI-EB,I,0101,3112,0
SI-EC,I,0101,3112,0
SI-ED,I,0101,3112,0
SI-EF,I,0101,3112,0
SI-MA,I,0101,3112,0
SI-MB,I,0101,3112,0
SI-MC,I,0101,3112,0
SI-NA,I,0101,3112,0
SI-NC,I,0101,3112,0
SI-NE,I,0101,3112,0
SI-NF,I,0101,3112,0
SI-NG,I,0101,3112,0
SI-NQ,I,0101,3112,0
SI-NR,I,0101,3112,0
SI-NT,I,0101,3112,0
SI-NU,I,0101,3006,0
SI-NV,I,0206,1909,0
SI-PA,I,0101,3112,0
SI-PB,I,0101,3112,0
SI-PC,I,0101,3112,0
SI-PD,I,0101,3112,0
SI-PE,I,0101,3112,0
SI-PG,I,0101,3112,0
SI-PH,I,0101,3112,0
SI-PI,I,0101,3112,0
SI-PJ,I,0101,3112,0
SI-PK,I,0101,3112,0
SI-PM,I,0101,3112,0
SI-PO,I,0101,3112,0
SI-PP,I,0109,3112,0
SI-PQ,I,0101,3006,0
SI-PT,I,0101,3112,0
SI-PU,I,0101,3112,0
SI-PV,I,0101,3112,0
SI-PX,I,0109,3112,0
SI-PY,I,0101,3006,0
SI-PZ,I,0101,3112,0
SI-QA,I,2008,3112,0
SI-QC,I,0101,3112,0
SI-QF,I,0101,3112,0
SI-QG,I,0101,3112,0
SI-QN,I,0101,3112,0
SI-QO,I,0101,3112,0
SI-QP,I,0101,3112,0
SI-QS,I,0101,3112,0
SI-QY,I,0101,3112,0
SI-RA,I,0101,3112,0
SI-RB,I,0101,3112,0
SI-RE,I,0101,3112,0
SI-RG,I,0101,3112,0
SI-RP,I,0101,3112,0
SI-RT,I,0101,3112,0
SI-RX,I,0101,3112,0
SI-RY,I,0101,3112,0
SI-RZ,I,0101,3112,0
SI-SD,I,0101,3112,0
SI-SE,I,0101,3112,0
SI-SF,I,0101,3112,0
SI-SG,I,0101,3112,0
SI-SH,I,0101,3112,0
SI-SJ,I,0101,3112,0
SI-SK,I,0101,3112,0
SI-SL,I,0101,3112,0
SI-SN,I,0101,3112,0
SI-SR,I,0101,3112,0
SI-SS,I,0101,3112,0
SI-ST,I,0101,3112,0
SI-SV,I,0101,3112,0
SI-SX,I,0101,3112,0
SI-SY,I,0101,3112,0
SI-SZ,I,0101,3112,0
SI-TC,I,0101,3112,0
SI-TD,I,0101,3112,0
SI-TF,I,1508,3112,0
SI-TG,I,0101,3112,0
SI-TI,I,0101,2306,0
SI-TJ,I,0101,3112,0
SI-TK,I,0101,3112,0
SI-TM,I,0101,3112,0
SI-TN,I,0109,3112,0
SI-TO,I,0101,3006,0
SI-TQ,I,0101,3112,0
SI-TR,I,0101,3112,0
SI-TS,I,0101,3112,0
SI-TU,I,0101,3112,0
SI-TX,I,0101,3112,0
SI-TY,I,0101,3112,0
SI-TZ,I,0101,3112,0
SI-UA,I,0101,3112,0
SI-UB,I,0101,3112,0
SI-UC,I,0109,3112,0
SI-UD,I,0101,3006,0
SI-UE,I,0101,3112,0
SI-UF,I,0101,3112,0
SI-UH,I,0101,3112,0
SI-UJ,I,0101,3112,0
SI-UO,I,0101,3112,0
SI-UP,I,0109,3112,0
SI-UQ,I,0101,3006,0
SI-US,I,0105,0110,0
SI-UX,I,0109,3112,0
SI-UY,I,0101,3112,0
SI-UZ,I,0101,3112,0
SI-WA,I,0101,3112,0
SI-WB,I,0101,3112,0
SI-WC,I,0101,3112,0
SI-WD,I,0101,3112,0
SI-WE,I,0101,3112,0
SI-WF,I,0101,3112,0
SP-AA,U,0101,3112,2
SR-AA,R,0101,3112,0
SR-AB,R,0101,3112,0
SR-AW,R,0101,3112,0
SR-AY,R,0101,3112,0
SR-MC,R,0101,3112,0
SR-PB,R,0101,3112,0
SR-QF,R,0101,3112,0
SR-QN,R,0101,3112,0
SR-QO,R,0101,3112,0
SR-QP,R,0101,3112,0
SR-RN,R,0101,3112,0
SR-RQ,R,0101,3112,0
SR-SI,R,0101,3112,0
SR-SK,R,0101,3112,0
T24H,F,0101,3112,24
TR-06,F,0101,3112,24
UT-24,U,0101,3112,24
UT-AA,U,0101,3112,2
UT-AB,U,0101,3112,2
UT-AC,U,0101,3112,2
UT-AD,U,0101,3112,3
UT-DF,F,0101,3112,19
XX-01,G,2412,2612,0
XX-02,G,3112,3112,0
XX-03,G,0101,0201,0
XX-04,G,0104,0104,0
XX-05,G,2205,2205,0
XX-06,G,2406,2406,0
XX-07,G,0107,0107,0
XX-08,G,0409,0409,0
XX-09,G,0910,0910,0
XX-12,G,0101,3112,0
ZU-01,I,0101,3112,0
ZU-02,I,0104,0112,0
ZU-03,I,0104,0112,0
ZU-04,I,0104,0112,0
ZU-05,I,0104,0112,0
ZU-06,I,0104,0112,0
ZU-07,I,0104,0112,0
ZU-08,I,0104,0112,0
ZU-09,I,0104,0112,0
ZU-10,I,0104,0112,0
ZU-11,I,0104,0112,0
ZU-12,I,0104,0112,0
ZU-13,I,0104,0112,0
ZV-01,A,0104,1411,0
ZV-03,A,0111,3112,0
ZV-04,A,0101,3103,0
ZV-05,A,0111,3112,0
ZV-06,A,0101,3103,0
ZV-20,A,0104,1411,0
ZV-37,A,0104,3112,0
ZV-38,A,0104,1411,0
ZV-39,I,0104,0112,0
ZV-40,A,0104,1411,0
ZV-41,A,0104,1411,0
ZV-42,A,0104,1411,0
ZV-43,A,0104,1411,0
ZV-44,A,0104,1411,0
ZV-45,I,0104,1411,0
ZV-46,I,0104,1411,0
ZV-47,I,0104,1411,0
ZV-48,I,0104,1411,0
ZV-49,I,0104,1411,0
ZV-50,I,0104,1411,0
ZV-51,I,0104,1411,0
ZV-53,I,0104,1411,0
ZV-54,I,0104,1411,0
ZV-55,I,0104,1411,0
ZV-56,I,0104,1411,0
ZV-57,I,0104,1411,0
ZV-58,I,0104,1411,0
ZV-59,I,0104,1411,0
ZV-60,I,0104,0112,0
ZV-61,I,0104,0112,0
ZV-62,I,0104,0112,0
ZV-63,I,0104,0112,0
ZV-64,I,0104,0112,0
ZV-65,I,0104,0112,0
ZV-68,I,1503,1511,0
ZV-70,I,0104,0112,0
ZV-71,I,0104,0112,0
ZV-72,I,0104,0112,0
ZV-73,I,0104,0112,0
ZV-74,I,0104,0112,0
ZV-75,I,0104,0112,0
ZV-76,I,0104,0112,0
ZV-77,I,0104,0112,0
ZV-79,I,0104,3011,0
ZV-80,I,0104,3011,0
ZV-81,I,0104,3011,0
ZV-82,I,0104,3011,0
ZV-83,I,0104,3011,0
ZV-84,I,0104,3011,0
ZV-90,I,0104,0112,0
ZV-91,I,0104,0112,0
ZV-93,I,0104,0112,0
ZV-94,I,0104,0112,0
ZV-95,I,0104,0112,0
ZV-96,I,0104,0112,0
ZV-97,I,0104,0112,0
ZV-98,I,0104,0112,0
ZV-99,A,0104,0112,0
ZX-01,A,0104,0112,0
ZX-02,A,0104,3112,0
ZX-03,A,0104,0112,0
ZX-04,A,0104,0112,0
ZX-05,A,0104,0112,0
ZX-06,A,0104,0112,0
ZX-07,A,0104,0112,0
ZX-08,A,0104,0112,0
ZX-09,A,0104,0112,0
ZX-10,A,0104,0112,0
ZX-11,A,0104,0112,0
ZX-12,A,0104,1012,0
ZX-14,A,0104,0112,0
ZX-15,A,0104,0112,0
ZX-16,A,0104,0112,0
ZX-18,A,0104,0112,0
ZX-19,A,0104,0112,0
ZX-20,A,0104,0112,0
ZX-21,A,0104,0112,0
ZX-22,A,0104,0112,0
ZX-23,A,0104,0112,0
ZX-24,A,0104,0112,0
ZX-25,A,0104,0112,0
ZX-26,A,0104,0112,0
ZX-27,A,0104,0112,0
ZX-28,A,0104,0112,0
ZX-29,A,0104,0112,0
ZX-31,A,0104,0112,0
ZX-35,A,0104,0112,0
ZX-36,A,0104,0112,0
ZX-37,A,0104,0112,0
ZX-38,A,0104,0112,0
ZX-40,A,0104,3011,0
ZX-42,A,0104,0112,0
ZX-43,A,0104,0112,0
ZX-44,A,0104,0112,0
ZX-45,A,0104,0112,0
ZX-47,A,0104,0112,0
ZX-48,A,0101,3112,0
ZX-49,A,0104,0112,0
ZX-51,A,0104,0112,0
ZX-52,A,0104,0112,0
ZX-53,A,0104,3011,0
ZX-54,A,0104,3011,0
ZX-55,A,0104,3011,0
ZX-57,A,0104,3011,0
ZX-58,A,0104,3011,0
ZX-59,A,0104,3011,0
ZX-60,A,0104,3011,0
ZX-61,A,0104,3011,0
ZX-63,A,1511,3112,0
ZX-64,A,0104,0112,0
ZX-65,A,0104,0112,0
ZX-66,A,0104,0112,0
ZX-67,A,0104,0112,0
ZX-68,A,0104,0112,0
ZX-69,A,0104,0112,0
ZX-70,A,0104,0112,0
ZX-71,A,0104,0112,0
ZX-72,A,0104,0112,0
ZX-73,A,0104,0112,0
ZX-74,A,0101,3103,0
ZX-75,A,0104,0112,0
ZX-76,A,0104,0112,0
ZX-77,A,0104,0112,0
ZX-78,A,0104,3112,0
ZX-79,I,0104,3011,0
ZX-80,A,0104,0112,0
ZX-81,I,0104,0112,0
ZX-82,I,0104,0112,0
ZX-83,I,0104,3112,0
ZX-84,I,0104,0112,0
ZX-85,I,0104,0112,0
ZX-87,I,0104,0112,0
ZX-89,I,0104,0112,0
ZX-90,I,0104,0112,0
ZX-91,I,0104,0112,0
ZX-92,I,0104,0112,0
ZX-93,I,0104,0112,0
ZX-94,I,0104,0112,0
ZX-95,I,0104,0112,0
ZX-96,I,0104,0112,0
ZX-97,I,0104,0112,0
ZX-98,I,0104,0112,0
ZX-99,I,0104,0112,0
ZY-01,A,0104,0112,0
ZY-02,A,0104,0112,0
ZY-03,A,0104,0112,0
ZY-06,I,1607,2607,0
ZY-09,A,0104,0112,0
ZY-10,A,0104,0112,0
ZY-11,A,0104,0112,0
ZY-14,A,0104,0112,0
ZY-16,A,0104,0112,0
ZY-17,A,0104,0112,0
ZY-18,A,0104,0112,0
ZY-22,A,0104,0112,0
ZY-23,A,0104,0112,0
ZY-24,A,0104,0112,0
ZY-25,A,0104,0112,0
ZY-28,A,0104,0112,0
ZY-29,A,0104,0112,0
ZY-30,A,0104,0112,0
ZY-32,A,0104,0112,0
ZY-33,A,0104,0112,0
ZY-34,A,0104,3112,0
ZY-35,A,0104,0112,0
ZY-39,A,0104,3011,0
ZY-42,A,0104,3011,0
ZY-44,A,0104,3011,0
ZY-45,A,0104,0112,0
ZY-48,A,0104,0112,0
ZY-49,A,0104,0112,0
ZY-50,A,0104,0112,0
ZY-51,A,0104,0112,0
ZY-52,A,0104,0112,0
ZY-53,A,0104,0112,0
ZY-54,A,0104,0112,0
ZY-55,A,0104,0112,0
ZY-56,A,0104,0112,0
ZY-58,A,0104,0112,0
ZY-59,A,0104,0112,0
ZY-60,A,0104,0112,0
ZY-62,A,0104,0112,0
ZY-64,A,0104,0112,0
ZY-65,A,0104,0112,0
ZY-66,A,0104,0112,0
ZY-67,A,0104,0112,0
ZY-68,A,0104,0112,0
ZY-69,A,0104,0112,0
ZY-70,A,0104,0112,0
ZY-71,A,0104,0112,0
ZY-72,A,0104,0112,0
ZY-73,A,0104,0112,0
ZY-75,A,0104,0112,0
ZY-76,A,0104,0112,0
ZY-77,A,0104,0112,0
ZY-78,A,0104,0112,0
ZY-81,A,0104,0112,0
ZY-82,A,0104,0112,0
ZY-83,A,0104,0112,0
ZY-84,A,0104,0112,0
ZY-85,A,0104,0112,0
ZY-86,A,0104,0112,0
ZY-87,A,0104,0112,0
ZY-88,A,0104,0112,0
ZY-89,A,0104,0112,0
ZY-90,A,0104,0112,0
ZY-91,A,0104,0112,0
ZY-92,A,0104,0112,0
ZY-93,A,0104,0112,0
ZY-94,A,0104,0112,0
ZY-95,A,0104,3011,0
ZY-96,A,0104,0112,0
ZY-97,A,0104,0112,0
ZY-98,A,0104,0112,0
ZY-99,A,0104,0112,0
ZZ-01,I,0104,0112,0
ZZ-24,I,0105,0110,0
ZZ-51,A,0104,0112,0
ZZ-52,A,0104,0112,0
ZZ-53,A,0104,0112,0
ZZ-54,A,0104,0112,0
ZZ-55,A,0104,0112,0
ZZ-56,I,0104,0112,0
ZZ-57,A,0104,0112,0
ZZ-60,A,0104,0112,0
ZZ-65,A,0104,0112,0
ZZ-66,A,0104,0112,0
ZZ-67,A,0104,0112,0
ZZ-68,A,0104,0112,0
ZZ-69,A,0104,0112,0
ZZ-71,A,0104,0112,0
ZZ-72,A,0104,0112,0
ZZ-73,A,0104,0112,0
ZZ-74,A,0104,0112,0
ZZ-75,A,0104,0112,0
ZZ-76,A,0104,0112,0
ZZ-89,A,0104,0112,0
ZZ-91,A,0104,0112,0
ZZ-92,I,0101,3112,0
ZZ-93,A,0104,0112,0
ZZ-94,A,0104,0112,0
ZZ-96,A,0104,0112,0
ZZ-97,A,0104,0112,0
ZZ-98,A,0104,0112,0
ZZ-99,A,0104,0112,0
